Date,High,,,,,
7/1/14,"1,978.58",,,,,
7/2/14,"1,976.67",,,,,
7/3/14,"1,985.59",,,,,
7/7/14,"1,984.22",,,,,
7/8/14,"1,976.39",,,,,
7/9/14,"1,974.15",,,,,
7/10/14,"1,969.84",,,,,
7/11/14,"1,968.67",,,,,
7/14/14,"1,979.85",,,,,
7/15/14,"1,982.52",,,,,
7/16/14,"1,983.94",,,,,
7/17/14,"1,981.80",,,,,
7/18/14,"1,979.91",,,,,
7/21/14,"1,976.93",,,,,
7/22/14,"1,986.24",,,,,
7/23/14,"1,989.23",,,,,
7/24/14,"1,991.39",,,,,
7/25/14,"1,984.60",,,,,
7/28/14,"1,981.52",,,,,
7/29/14,"1,984.85",,,,,
7/30/14,"1,978.90",,,,,
7/31/14,"1,965.14",,,,,
8/1/14,"1,937.35",,,,,
8/4/14,"1,942.92",,,,,
8/5/14,"1,936.34",,,,,
8/6/14,"1,927.91",,,,,
8/7/14,"1,928.89",,,,,
8/8/14,"1,932.38",,,,,
8/11/14,"1,944.90",,,,,
8/12/14,"1,939.65",,,,,
8/13/14,"1,948.41",,,,,
8/14/14,"1,955.23",,,,,
8/15/14,"1,964.04",,,,,
8/18/14,"1,971.99",,,,,
8/19/14,"1,982.57",,,,,
8/20/14,"1,988.57",,,,,
8/21/14,"1,994.76",,,,,
8/22/14,"1,993.54",,,,,
8/25/14,"2,001.95",,,,,
8/26/14,"2,005.04",,,,,
8/27/14,"2,002.14",,,,,
8/28/14,"1,998.55",,,,,
8/29/14,"2,003.38",,,,,
9/2/14,"2,006.12",,,,,
9/3/14,"2,009.28",,,,,
9/4/14,"2,011.17",,,,,
9/5/14,"2,007.71",,,,,
9/8/14,"2,007.17",,,,,
9/9/14,"2,001.01",,,,,
9/10/14,"1,996.66",,,,,
9/11/14,"1,997.65",,,,,
9/12/14,"1,996.74",,,,,
9/15/14,"1,987.18",,,,,
9/16/14,"2,002.28",,,,,
9/17/14,"2,010.74",,,,,
9/18/14,"2,012.34",,,,,
9/19/14,"2,019.26",,,,,
9/22/14,"2,009.08",,,,,
9/23/14,"1,995.41",,,,,
9/24/14,"1,999.79",,,,,
9/25/14,"1,997.32",,,,,
9/26/14,"1,986.37",,,,,
9/29/14,"1,981.28",,,,,
9/30/14,"1,985.17",,,,,
10/1/14,"1,971.44",,,,,
10/2/14,"1,952.32",,,,,
10/3/14,"1,971.19",,,,,
10/6/14,"1,977.84",,,,,
10/7/14,"1,962.36",,,,,
10/8/14,"1,970.36",,,,,
10/9/14,"1,967.68",,,,,
10/10/14,"1,936.98",,,,,
10/13/14,"1,912.09",,,,,
10/14/14,"1,898.71",,,,,
10/15/14,"1,874.18",,,,,
10/16/14,"1,876.01",,,,,
10/17/14,"1,898.16",,,,,
10/20/14,"1,905.03",,,,,
10/21/14,"1,942.45",,,,,
10/22/14,"1,949.31",,,,,
10/23/14,"1,961.95",,,,,
10/24/14,"1,965.27",,,,,
10/27/14,"1,964.64",,,,,
10/28/14,"1,985.05",,,,,
10/29/14,"1,991.40",,,,,
10/30/14,"1,999.40",,,,,
10/31/14,"2,018.19",,,,,
11/3/14,"2,024.46",,,,,
11/4/14,"2,015.98",,,,,
11/5/14,"2,023.77",,,,,
11/6/14,"2,031.61",,,,,
11/7/14,"2,034.26",,,,,
11/10/14,"2,038.70",,,,,
11/11/14,"2,041.28",,,,,
11/12/14,"2,040.33",,,,,
11/13/14,"2,046.18",,,,,
11/14/14,"2,042.22",,,,,
11/17/14,"2,043.07",,,,,
11/18/14,"2,056.08",,,,,
11/19/14,"2,052.14",,,,,
11/20/14,"2,053.84",,,,,
11/21/14,"2,071.46",,,,,
11/24/14,"2,070.17",,,,,
11/25/14,"2,074.21",,,,,
11/26/14,"2,073.29",,,,,
11/28/14,"2,075.76",,,,,
12/1/14,"2,065.78",,,,,
12/2/14,"2,068.77",,,,,
12/3/14,"2,076.28",,,,,
12/4/14,"2,077.34",,,,,
12/5/14,"2,079.47",,,,,
12/8/14,"2,075.78",,,,,
12/9/14,"2,060.60",,,,,
12/10/14,"2,058.86",,,,,
12/11/14,"2,055.53",,,,,
12/12/14,"2,032.25",,,,,
12/15/14,"2,018.69",,,,,
12/16/14,"2,016.89",,,,,
12/17/14,"2,016.75",,,,,
12/18/14,"2,061.23",,,,,
12/19/14,"2,077.85",,,,,
12/22/14,"2,078.76",,,,,
12/23/14,"2,086.73",,,,,
12/24/14,"2,087.56",,,,,
12/26/14,"2,092.70",,,,,
12/29/14,"2,093.55",,,,,
12/30/14,"2,088.49",,,,,
12/31/14,"2,085.58",,,,,
1/2/15,"2,072.36",,,,,
1/5/15,"2,054.44",,,,,
1/6/15,"2,030.25",,,,,
1/7/15,"2,029.61",,,,,
1/8/15,"2,064.08",,,,,
1/9/15,"2,064.43",,,,,
1/12/15,"2,049.30",,,,,
1/13/15,"2,056.93",,,,,
1/14/15,"2,018.40",,,,,
1/15/15,"2,021.35",,,,,
1/16/15,"2,020.46",,,,,
1/20/15,"2,028.94",,,,,
1/21/15,"2,038.29",,,,,
1/22/15,"2,064.62",,,,,
1/23/15,"2,062.98",,,,,
1/26/15,"2,057.62",,,,,
1/27/15,"2,047.86",,,,,
1/28/15,"2,042.49",,,,,
1/29/15,"2,024.64",,,,,
1/30/15,"2,023.32",,,,,
2/2/15,"2,021.66",,,,,
2/3/15,"2,050.30",,,,,
2/4/15,"2,054.74",,,,,
2/5/15,"2,063.55",,,,,
2/6/15,"2,072.40",,,,,
2/9/15,"2,056.16",,,,,
2/10/15,"2,070.86",,,,,
2/11/15,"2,073.48",,,,,
2/12/15,"2,088.53",,,,,
2/13/15,"2,097.03",,,,,
2/17/15,"2,101.30",,,,,
2/18/15,"2,100.23",,,,,
2/19/15,"2,102.13",,,,,
2/20/15,"2,110.61",,,,,
2/23/15,"2,110.05",,,,,
2/24/15,"2,117.94",,,,,
2/25/15,"2,119.59",,,,,
2/26/15,"2,113.91",,,,,
2/27/15,"2,112.74",,,,,
3/2/15,"2,117.52",,,,,
3/3/15,"2,115.76",,,,,
3/4/15,"2,107.72",,,,,
3/5/15,"2,104.25",,,,,
3/6/15,"2,100.91",,,,,
3/9/15,"2,083.49",,,,,
3/10/15,"2,076.14",,,,,
3/11/15,"2,050.08",,,,,
3/12/15,"2,066.41",,,,,
3/13/15,"2,064.56",,,,,
3/16/15,"2,081.41",,,,,
3/17/15,"2,080.59",,,,,
3/18/15,"2,106.85",,,,,
3/19/15,"2,098.69",,,,,
3/20/15,"2,113.92",,,,,
3/23/15,"2,114.86",,,,,
3/24/15,"2,107.63",,,,,
3/25/15,"2,097.43",,,,,
3/26/15,"2,067.15",,,,,
3/27/15,"2,062.83",,,,,
3/30/15,"2,088.97",,,,,
3/31/15,"2,084.05",,,,,
4/1/15,"2,067.63",,,,,
4/2/15,"2,072.17",,,,,
4/6/15,"2,086.99",,,,,
4/7/15,"2,089.81",,,,,
4/8/15,"2,086.69",,,,,
4/9/15,"2,093.31",,,,,
4/10/15,"2,102.61",,,,,
4/13/15,"2,107.65",,,,,
4/14/15,"2,098.62",,,,,
4/15/15,"2,111.91",,,,,
4/16/15,"2,111.30",,,,,
4/17/15,"2,102.58",,,,,
4/20/15,"2,103.94",,,,,
4/21/15,"2,109.64",,,,,
4/22/15,"2,109.98",,,,,
4/23/15,"2,120.49",,,,,
4/24/15,"2,120.92",,,,,
4/27/15,"2,125.92",,,,,
4/28/15,"2,116.09",,,,,
4/29/15,"2,113.65",,,,,
4/30/15,"2,105.52",,,,,
5/1/15,"2,108.41",,,,,
5/4/15,"2,120.95",,,,,
5/5/15,"2,115.24",,,,,
5/6/15,"2,098.42",,,,,
5/7/15,"2,092.90",,,,,
5/8/15,"2,117.66",,,,,
5/11/15,"2,117.69",,,,,
5/12/15,"2,105.06",,,,,
5/13/15,"2,110.19",,,,,
5/14/15,"2,121.45",,,,,
5/15/15,"2,123.89",,,,,
5/18/15,"2,131.78",,,,,
5/19/15,"2,133.02",,,,,
5/20/15,"2,134.72",,,,,
5/21/15,"2,134.28",,,,,
5/22/15,"2,132.15",,,,,
5/26/15,"2,125.34",,,,,
5/27/15,"2,126.22",,,,,
5/28/15,"2,122.27",,,,,
5/29/15,"2,120.66",,,,,
6/1/15,"2,119.15",,,,,
6/2/15,"2,117.59",,,,,
6/3/15,"2,121.92",,,,,
6/4/15,"2,112.89",,,,,
6/5/15,"2,100.99",,,,,
6/8/15,"2,093.01",,,,,
6/9/15,"2,085.62",,,,,
6/10/15,"2,108.50",,,,,
6/11/15,"2,115.02",,,,,
6/12/15,"2,107.43",,,,,
6/15/15,"2,091.34",,,,,
6/16/15,"2,097.40",,,,,
6/17/15,"2,106.79",,,,,
6/18/15,"2,126.65",,,,,
6/19/15,"2,121.64",,,,,
6/22/15,"2,129.87",,,,,
6/23/15,"2,128.03",,,,,
6/24/15,"2,125.10",,,,,
6/25/15,"2,116.04",,,,,
6/26/15,"2,108.92",,,,,
6/29/15,"2,098.63",,,,,
6/30/15,"2,074.28",,,,,
7/1/15,"2,082.78",,,,,
7/2/15,"2,085.06",,,,,
7/6/15,"2,078.61",,,,,
7/7/15,"2,083.74",,,,,
7/8/15,"2,077.66",,,,,
7/9/15,"2,074.28",,,,,
7/10/15,"2,081.31",,,,,
7/13/15,"2,100.67",,,,,
7/14/15,"2,111.98",,,,,
7/15/15,"2,114.14",,,,,
7/16/15,"2,124.42",,,,,
7/17/15,"2,128.91",,,,,
7/20/15,"2,132.82",,,,,
7/21/15,"2,128.49",,,,,
7/22/15,"2,118.51",,,,,
7/23/15,"2,116.87",,,,,
7/24/15,"2,106.01",,,,,
7/27/15,"2,078.19",,,,,
7/28/15,"2,095.60",,,,,
7/29/15,"2,110.60",,,,,
7/30/15,"2,110.48",,,,,
7/31/15,"2,114.24",,,,,
8/3/15,"2,105.70",,,,,
8/4/15,"2,102.51",,,,,
8/5/15,"2,112.66",,,,,
8/6/15,"2,103.32",,,,,
8/7/15,"2,082.61",,,,,
8/10/15,"2,105.35",,,,,
8/11/15,"2,102.66",,,,,
8/12/15,"2,089.06",,,,,
8/13/15,"2,092.93",,,,,
8/14/15,"2,092.45",,,,,
8/17/15,"2,102.87",,,,,
8/18/15,"2,103.47",,,,,
8/19/15,"2,096.17",,,,,
8/20/15,"2,076.61",,,,,
8/21/15,"2,034.08",,,,,
8/24/15,"1,965.15",,,,,
8/25/15,"1,948.04",,,,,
8/26/15,"1,943.09",,,,,
8/27/15,"1,989.60",,,,,
8/28/15,"1,993.48",,,,,
8/31/15,"1,986.73",,,,,
9/1/15,"1,970.09",,,,,
9/2/15,"1,948.91",,,,,
9/3/15,"1,975.01",,,,,
9/4/15,"1,947.76",,,,,
9/8/15,"1,970.42",,,,,
9/9/15,"1,988.63",,,,,
9/10/15,"1,965.29",,,,,
9/11/15,"1,961.05",,,,,
9/14/15,"1,963.06",,,,,
9/15/15,"1,983.19",,,,,
9/16/15,"1,997.26",,,,,
9/17/15,"2,020.86",,,,,
9/18/15,"1,989.66",,,,,
9/21/15,"1,979.64",,,,,
9/22/15,"1,961.39",,,,,
9/23/15,"1,949.52",,,,,
9/24/15,"1,937.17",,,,,
9/25/15,"1,952.89",,,,,
9/28/15,"1,929.18",,,,,
9/29/15,"1,899.48",,,,,
9/30/15,"1,920.53",,,,,
10/1/15,"1,927.21",,,,,
10/2/15,"1,951.36",,,,,
10/5/15,"1,989.17",,,,,
10/6/15,"1,991.62",,,,,
10/7/15,"1,999.31",,,,,
10/8/15,"2,016.50",,,,,
10/9/15,"2,020.13",,,,,
10/12/15,"2,018.66",,,,,
10/13/15,"2,022.34",,,,,
10/14/15,"2,009.56",,,,,
10/15/15,"2,024.15",,,,,
10/16/15,"2,033.54",,,,,
10/19/15,"2,034.45",,,,,
10/20/15,"2,039.12",,,,,
10/21/15,"2,037.97",,,,,
10/22/15,"2,055.20",,,,,
10/23/15,"2,079.74",,,,,
10/26/15,"2,075.14",,,,,
10/27/15,"2,070.37",,,,,
10/28/15,"2,090.35",,,,,
10/29/15,"2,092.52",,,,,
10/30/15,"2,094.32",,,,,
11/2/15,"2,106.20",,,,,
11/3/15,"2,116.48",,,,,
11/4/15,"2,114.59",,,,,
11/5/15,"2,108.78",,,,,
11/6/15,"2,101.91",,,,,
11/9/15,"2,096.56",,,,,
11/10/15,"2,083.67",,,,,
11/11/15,"2,086.94",,,,,
11/12/15,"2,072.29",,,,,
11/13/15,"2,044.64",,,,,
11/16/15,"2,053.22",,,,,
11/17/15,"2,066.69",,,,,
11/18/15,"2,085.31",,,,,
11/19/15,"2,086.74",,,,,
11/20/15,"2,097.06",,,,,
11/23/15,"2,095.61",,,,,
11/24/15,"2,094.12",,,,,
11/25/15,"2,093.00",,,,,
11/27/15,"2,093.29",,,,,
11/30/15,"2,093.81",,,,,
12/1/15,"2,103.37",,,,,
12/2/15,"2,104.27",,,,,
12/3/15,"2,085.00",,,,,
12/4/15,"2,093.84",,,,,
12/7/15,"2,090.42",,,,,
12/8/15,"2,073.85",,,,,
12/9/15,"2,080.33",,,,,
12/10/15,"2,067.65",,,,,
12/11/15,"2,047.27",,,,,
12/14/15,"2,022.92",,,,,
12/15/15,"2,053.87",,,,,
12/16/15,"2,076.72",,,,,
12/17/15,"2,076.37",,,,,
12/18/15,"2,040.81",,,,,
12/21/15,"2,022.90",,,,,
12/22/15,"2,042.74",,,,,
12/23/15,"2,064.73",,,,,
12/24/15,"2,067.36",,,,,
12/28/15,"2,057.77",,,,,
12/29/15,"2,081.56",,,,,
12/30/15,"2,077.34",,,,,
12/31/15,"2,062.54",,,,,
1/4/16,"2,038.20",,,,,
1/5/16,"2,021.94",,,,,
1/6/16,"2,011.71",,,,,
1/7/16,"1,985.32",,,,,
1/8/16,"1,960.40",,,,,
1/11/16,"1,935.65",,,,,
1/12/16,"1,947.38",,,,,
1/13/16,"1,950.33",,,,,
1/14/16,"1,934.47",,,,,
1/15/16,"1,916.68",,,,,
1/19/16,"1,901.44",,,,,
1/20/16,"1,876.18",,,,,
1/21/16,"1,889.85",,,,,
1/22/16,"1,908.85",,,,,
1/25/16,"1,906.28",,,,,
1/26/16,"1,906.73",,,,,
1/27/16,"1,916.99",,,,,
1/28/16,"1,902.96",,,,,
1/29/16,"1,940.24",,,,,
2/1/16,"1,947.20",,,,,
2/2/16,"1,935.26",,,,,
2/3/16,"1,918.01",,,,,
2/4/16,"1,927.35",,,,,
2/5/16,"1,913.07",,,,,
2/8/16,"1,873.25",,,,,
2/9/16,"1,868.25",,,,,
2/10/16,"1,881.60",,,,,
2/11/16,"1,847.00",,,,,
2/12/16,"1,864.78",,,,,
2/16/16,"1,895.77",,,,,
2/17/16,"1,930.68",,,,,
2/18/16,"1,930.00",,,,,
2/19/16,"1,918.78",,,,,
2/22/16,"1,946.70",,,,,
2/23/16,"1,942.38",,,,,
2/24/16,"1,932.08",,,,,
2/25/16,"1,951.83",,,,,
2/26/16,"1,962.96",,,,,
2/29/16,"1,958.27",,,,,
3/1/16,"1,978.35",,,,,
3/2/16,"1,986.51",,,,,
3/3/16,"1,993.69",,,,,
3/4/16,"2,009.13",,,,,
3/7/16,"2,006.12",,,,,
3/8/16,"1,996.88",,,,,
3/9/16,"1,992.69",,,,,
3/10/16,"2,005.08",,,,,
3/11/16,"2,022.37",,,,,
3/14/16,"2,024.57",,,,,
3/15/16,"2,015.94",,,,,
3/16/16,"2,032.02",,,,,
3/17/16,"2,046.24",,,,,
3/18/16,"2,052.36",,,,,
3/21/16,"2,053.91",,,,,
3/22/16,"2,056.60",,,,,
3/23/16,"2,048.55",,,,,
3/24/16,"2,036.04",,,,,
3/28/16,"2,042.67",,,,,
3/29/16,"2,055.91",,,,,
3/30/16,"2,072.21",,,,,
3/31/16,"2,067.92",,,,,
4/1/16,"2,075.07",,,,,
4/4/16,"2,074.02",,,,,
4/5/16,"2,062.50",,,,,
4/6/16,"2,067.33",,,,,
4/7/16,"2,063.01",,,,,
4/8/16,"2,060.63",,,,,
4/11/16,"2,062.93",,,,,
4/12/16,"2,065.05",,,,,
4/13/16,"2,083.18",,,,,
4/14/16,"2,087.84",,,,,
4/15/16,"2,083.22",,,,,
4/18/16,"2,094.66",,,,,
4/19/16,"2,104.05",,,,,
4/20/16,"2,111.05",,,,,
4/21/16,"2,103.78",,,,,
4/22/16,"2,094.32",,,,,
4/25/16,"2,089.37",,,,,
4/26/16,"2,096.87",,,,,
4/27/16,"2,099.89",,,,,
4/28/16,"2,099.30",,,,,
4/29/16,"2,073.85",,,,,
5/2/16,"2,083.42",,,,,
5/3/16,"2,077.18",,,,,
5/4/16,"2,060.30",,,,,
5/5/16,"2,060.23",,,,,
5/6/16,"2,057.72",,,,,
5/9/16,"2,064.15",,,,,
5/10/16,"2,084.87",,,,,
5/11/16,"2,083.29",,,,,
5/12/16,"2,073.99",,,,,
5/13/16,"2,066.79",,,,,
5/16/16,"2,071.88",,,,,
5/17/16,"2,065.69",,,,,
5/18/16,"2,060.61",,,,,
5/19/16,"2,044.21",,,,,
5/20/16,"2,058.35",,,,,
5/23/16,"2,055.58",,,,,
5/24/16,"2,079.67",,,,,
5/25/16,"2,094.73",,,,,
5/26/16,"2,094.30",,,,,
5/27/16,"2,099.06",,,,,
5/31/16,"2,103.48",,,,,
6/1/16,"2,100.97",,,,,
6/2/16,"2,105.26",,,,,
6/3/16,"2,104.07",,,,,
6/6/16,"2,113.36",,,,,
6/7/16,"2,119.22",,,,,
6/8/16,"2,120.55",,,,,
6/9/16,"2,117.64",,,,,
6/10/16,"2,109.57",,,,,
6/13/16,"2,098.12",,,,,
6/14/16,"2,081.30",,,,,
6/15/16,"2,085.65",,,,,
6/16/16,"2,079.62",,,,,
6/17/16,"2,078.20",,,,,
6/20/16,"2,100.66",,,,,
6/21/16,"2,093.66",,,,,
6/22/16,"2,099.71",,,,,
6/23/16,"2,113.32",,,,,
6/24/16,"2,103.81",,,,,
6/27/16,"2,031.45",,,,,
6/28/16,"2,036.09",,,,,
6/29/16,"2,073.13",,,,,
6/30/16,"2,098.94",,,,,
7/1/16,"2,108.71",,,,,
7/5/16,"2,095.05",,,,,
7/6/16,"2,100.72",,,,,
7/7/16,"2,109.08",,,,,
7/8/16,"2,131.71",,,,,
7/11/16,"2,143.16",,,,,
7/12/16,"2,155.40",,,,,
7/13/16,"2,156.45",,,,,
7/14/16,"2,168.99",,,,,
7/15/16,"2,169.05",,,,,
7/18/16,"2,168.35",,,,,
7/19/16,"2,164.63",,,,,
7/20/16,"2,175.63",,,,,
7/21/16,"2,174.56",,,,,
7/22/16,"2,175.11",,,,,
7/25/16,"2,173.71",,,,,
7/26/16,"2,173.54",,,,,
7/27/16,"2,174.98",,,,,
7/28/16,"2,172.85",,,,,
7/29/16,"2,177.09",,,,,
8/1/16,"2,178.29",,,,,
8/2/16,"2,170.20",,,,,
8/3/16,"2,163.79",,,,,
8/4/16,"2,168.19",,,,,
8/5/16,"2,182.87",,,,,
8/8/16,"2,185.44",,,,,
8/9/16,"2,187.66",,,,,
8/10/16,"2,183.41",,,,,
8/11/16,"2,188.45",,,,,
8/12/16,"2,186.28",,,,,
8/15/16,"2,193.81",,,,,
8/16/16,"2,186.24",,,,,
8/17/16,"2,183.08",,,,,
8/18/16,"2,187.03",,,,,
8/19/16,"2,185.00",,,,,
8/22/16,"2,185.15",,,,,
8/23/16,"2,193.42",,,,,
8/24/16,"2,186.66",,,,,
8/25/16,"2,179.00",,,,,
8/26/16,"2,187.94",,,,,
8/29/16,"2,183.48",,,,,
8/30/16,"2,182.27",,,,,
8/31/16,"2,173.79",,,,,
9/1/16,"2,173.56",,,,,
9/2/16,"2,184.87",,,,,
9/6/16,"2,186.57",,,,,
9/7/16,"2,187.87",,,,,
9/8/16,"2,184.94",,,,,
9/9/16,"2,169.08",,,,,
9/12/16,"2,163.30",,,,,
9/13/16,"2,150.47",,,,,
9/14/16,"2,141.33",,,,,
9/15/16,"2,151.31",,,,,
9/16/16,"2,146.48",,,,,
9/19/16,"2,153.61",,,,,
9/20/16,"2,150.80",,,,,
9/21/16,"2,165.11",,,,,
9/22/16,"2,179.99",,,,,
9/23/16,"2,173.75",,,,,
9/26/16,"2,158.54",,,,,
9/27/16,"2,161.13",,,,,
9/28/16,"2,172.40",,,,,
9/29/16,"2,172.67",,,,,
9/30/16,"2,175.30",,,,,
10/3/16,"2,164.41",,,,,
10/4/16,"2,165.46",,,,,
10/5/16,"2,163.95",,,,,
10/6/16,"2,162.93",,,,,
10/7/16,"2,165.86",,,,,
10/10/16,"2,169.60",,,,,
10/11/16,"2,161.56",,,,,
10/12/16,"2,145.36",,,,,
10/13/16,"2,138.19",,,,,
10/14/16,"2,149.19",,,,,
10/17/16,"2,135.61",,,,,
10/18/16,"2,144.38",,,,,
10/19/16,"2,148.44",,,,,
10/20/16,"2,147.18",,,,,
10/21/16,"2,142.63",,,,,
10/24/16,"2,154.79",,,,,
10/25/16,"2,151.44",,,,,
10/26/16,"2,145.73",,,,,
10/27/16,"2,147.13",,,,,
10/28/16,"2,140.72",,,,,
10/31/16,"2,133.25",,,,,
11/1/16,"2,131.45",,,,,
11/2/16,"2,111.76",,,,,
11/3/16,"2,102.56",,,,,
11/4/16,"2,099.07",,,,,
11/7/16,"2,132.00",,,,,
11/8/16,"2,146.87",,,,,
11/9/16,"2,170.10",,,,,
11/10/16,"2,182.30",,,,,
11/11/16,"2,165.92",,,,,
11/14/16,"2,171.36",,,,,
11/15/16,"2,180.84",,,,,
11/16/16,"2,179.22",,,,,
11/17/16,"2,188.06",,,,,
11/18/16,"2,189.89",,,,,
11/21/16,"2,198.70",,,,,
11/22/16,"2,204.80",,,,,
11/23/16,"2,204.72",,,,,
11/25/16,"2,213.35",,,,,
11/28/16,"2,211.14",,,,,
11/29/16,"2,210.46",,,,,
11/30/16,"2,214.10",,,,,
12/1/16,"2,202.60",,,,,
12/2/16,"2,197.95",,,,,
12/5/16,"2,209.42",,,,,
12/6/16,"2,212.78",,,,,
12/7/16,"2,241.63",,,,,
12/8/16,"2,251.69",,,,,
12/9/16,"2,259.80",,,,,
12/12/16,"2,264.03",,,,,
12/13/16,"2,277.53",,,,,
12/14/16,"2,276.20",,,,,
12/15/16,"2,272.12",,,,,
12/16/16,"2,268.05",,,,,
12/19/16,"2,267.47",,,,,
12/20/16,"2,272.56",,,,,
12/21/16,"2,271.23",,,,,
12/22/16,"2,263.18",,,,,
12/23/16,"2,263.79",,,,,
12/27/16,"2,273.82",,,,,
12/28/16,"2,271.31",,,,,
12/29/16,"2,254.51",,,,,
12/30/16,"2,253.58",,,,,
1/3/17,"2,263.88",,,,,
1/4/17,"2,272.82",,,,,
1/5/17,"2,271.50",,,,,
1/6/17,"2,282.10",,,,,
1/9/17,"2,275.49",,,,,
1/10/17,"2,279.27",,,,,
1/11/17,"2,275.32",,,,,
1/12/17,"2,271.78",,,,,
1/13/17,"2,278.68",,,,,
1/17/17,"2,272.08",,,,,
1/18/17,"2,272.01",,,,,
1/19/17,"2,274.33",,,,,
1/20/17,"2,276.96",,,,,
1/23/17,"2,271.78",,,,,
1/24/17,"2,284.63",,,,,
1/25/17,"2,299.55",,,,,
1/26/17,"2,300.99",,,,,
1/27/17,"2,299.02",,,,,
1/30/17,"2,286.01",,,,,
1/31/17,"2,279.09",,,,,
2/1/17,"2,289.14",,,,,
2/2/17,"2,283.97",,,,,
2/3/17,"2,298.31",,,,,
2/6/17,"2,296.18",,,,,
2/7/17,"2,299.40",,,,,
2/8/17,"2,295.91",,,,,
2/9/17,"2,311.08",,,,,
2/10/17,"2,319.23",,,,,
2/13/17,"2,331.58",,,,,
2/14/17,"2,337.58",,,,,
2/15/17,"2,351.30",,,,,
2/16/17,"2,351.31",,,,,
2/17/17,"2,351.16",,,,,
2/21/17,"2,366.71",,,,,
2/22/17,"2,365.13",,,,,
2/23/17,"2,368.26",,,,,
2/24/17,"2,367.34",,,,,
2/27/17,"2,371.54",,,,,
2/28/17,"2,367.79",,,,,
3/1/17,"2,400.98",,,,,
3/2/17,"2,394.75",,,,,
3/3/17,"2,383.89",,,,,
3/6/17,"2,378.80",,,,,
3/7/17,"2,375.12",,,,,
3/8/17,"2,373.09",,,,,
3/9/17,"2,369.08",,,,,
3/10/17,"2,376.86",,,,,
3/13/17,"2,374.42",,,,,
3/14/17,"2,368.55",,,,,
3/15/17,"2,390.01",,,,,
3/16/17,"2,388.10",,,,,
3/17/17,"2,385.71",,,,,
3/20/17,"2,379.55",,,,,
3/21/17,"2,381.93",,,,,
3/22/17,"2,351.81",,,,,
3/23/17,"2,358.92",,,,,
3/24/17,"2,356.22",,,,,
3/27/17,"2,344.90",,,,,
3/28/17,"2,363.78",,,,,
3/29/17,"2,363.36",,,,,
3/30/17,"2,370.42",,,,,
3/31/17,"2,370.35",,,,,
4/3/17,"2,365.87",,,,,
4/4/17,"2,360.53",,,,,
4/5/17,"2,378.36",,,,,
4/6/17,"2,364.16",,,,,
4/7/17,"2,363.76",,,,,
4/10/17,"2,366.37",,,,,
4/11/17,"2,355.22",,,,,
4/12/17,"2,352.72",,,,,
4/13/17,"2,348.26",,,,,
4/17/17,"2,349.14",,,,,
4/18/17,"2,348.35",,,,,
4/19/17,"2,352.63",,,,,
4/20/17,"2,361.37",,,,,
4/21/17,"2,356.18",,,,,
4/24/17,"2,376.98",,,,,
4/25/17,"2,392.48",,,,,
4/26/17,"2,398.16",,,,,
4/27/17,"2,392.10",,,,,
4/28/17,"2,393.68",,,,,
5/1/17,"2,394.49",,,,,
5/2/17,"2,392.93",,,,,
5/3/17,"2,389.82",,,,,
5/4/17,"2,391.43",,,,,
5/5/17,"2,399.29",,,,,
5/8/17,"2,401.36",,,,,
5/9/17,"2,403.87",,,,,
5/10/17,"2,399.74",,,,,
5/11/17,"2,395.72",,,,,
5/12/17,"2,392.44",,,,,
5/15/17,"2,404.05",,,,,
5/16/17,"2,405.77",,,,,
5/17/17,"2,384.87",,,,,
5/18/17,"2,375.74",,,,,
5/19/17,"2,389.06",,,,,
5/22/17,"2,395.46",,,,,
5/23/17,"2,400.85",,,,,
5/24/17,"2,405.58",,,,,
5/25/17,"2,418.71",,,,,
5/26/17,"2,416.68",,,,,
5/30/17,"2,415.26",,,,,
5/31/17,"2,415.99",,,,,
6/1/17,"2,430.06",,,,,
6/2/17,"2,440.23",,,,,
6/5/17,"2,439.55",,,,,
6/6/17,"2,436.21",,,,,
6/7/17,"2,435.28",,,,,
6/8/17,"2,439.27",,,,,
6/9/17,"2,446.20",,,,,
6/12/17,"2,430.38",,,,,
6/13/17,"2,441.49",,,,,
6/14/17,"2,443.75",,,,,
6/15/17,"2,433.95",,,,,
6/16/17,"2,433.15",,,,,
6/19/17,"2,453.82",,,,,
6/20/17,"2,450.66",,,,,
6/21/17,"2,442.23",,,,,
6/22/17,"2,441.62",,,,,
6/23/17,"2,441.40",,,,,
6/26/17,"2,450.42",,,,,
6/27/17,"2,440.15",,,,,
6/28/17,"2,442.97",,,,,
6/29/17,"2,442.73",,,,,
6/30/17,"2,432.71",,,,,
7/3/17,"2,439.17",,,,,
7/5/17,"2,434.90",,,,,
7/6/17,"2,424.28",,,,,
7/7/17,"2,426.92",,,,,
7/10/17,"2,432.00",,,,,
7/11/17,"2,429.30",,,,,
7/12/17,"2,445.76",,,,,
7/13/17,"2,449.32",,,,,
7/14/17,"2,463.54",,,,,
7/17/17,"2,462.82",,,,,
7/18/17,"2,460.92",,,,,
7/19/17,"2,473.83",,,,,
7/20/17,"2,477.62",,,,,
7/21/17,"2,472.54",,,,,
7/24/17,"2,473.10",,,,,
7/25/17,"2,481.24",,,,,
7/26/17,"2,481.69",,,,,
7/27/17,"2,484.04",,,,,
7/28/17,"2,473.53",,,,,
7/31/17,"2,477.96",,,,,
8/1/17,"2,478.51",,,,,
8/2/17,"2,480.38",,,,,
8/3/17,"2,476.03",,,,,
8/4/17,"2,480.00",,,,,
8/7/17,"2,480.95",,,,,
8/8/17,"2,490.87",,,,,
8/9/17,"2,474.41",,,,,
8/10/17,"2,465.38",,,,,
8/11/17,"2,448.09",,,,,
8/14/17,"2,468.22",,,,,
8/15/17,"2,468.90",,,,,
8/16/17,"2,474.93",,,,,
8/17/17,"2,465.02",,,,,
8/18/17,"2,440.27",,,,,
8/21/17,"2,430.58",,,,,
8/22/17,"2,454.77",,,,,
8/23/17,"2,448.91",,,,,
8/24/17,"2,450.39",,,,,
8/25/17,"2,453.96",,,,,
8/28/17,"2,449.12",,,,,
8/29/17,"2,449.19",,,,,
8/30/17,"2,460.31",,,,,
8/31/17,"2,475.01",,,,,
9/1/17,"2,480.38",,,,,
9/5/17,"2,471.97",,,,,
9/6/17,"2,469.64",,,,,
9/7/17,"2,468.62",,,,,
9/8/17,"2,467.11",,,,,
9/11/17,"2,488.95",,,,,
9/12/17,"2,496.77",,,,,
9/13/17,"2,498.37",,,,,
9/14/17,"2,498.43",,,,,
9/15/17,"2,500.23",,,,,
9/18/17,"2,508.32",,,,,
9/19/17,"2,507.84",,,,,
9/20/17,"2,508.85",,,,,
9/21/17,"2,507.16",,,,,
9/22/17,"2,503.47",,,,,
9/25/17,"2,502.54",,,,,
9/26/17,"2,503.51",,,,,
9/27/17,"2,511.75",,,,,
9/28/17,"2,510.81",,,,,
9/29/17,"2,519.44",,,,,
10/2/17,"2,529.23",,,,,
10/3/17,"2,535.13",,,,,
10/4/17,"2,540.53",,,,,
10/5/17,"2,552.51",,,,,
10/6/17,"2,549.41",,,,,
10/9/17,"2,551.82",,,,,
10/10/17,"2,555.23",,,,,
10/11/17,"2,555.24",,,,,
10/12/17,"2,555.33",,,,,
10/13/17,"2,557.65",,,,,
10/16/17,"2,559.47",,,,,
10/17/17,"2,559.71",,,,,
10/18/17,"2,564.11",,,,,
10/19/17,"2,562.36",,,,,
10/20/17,"2,575.44",,,,,
10/23/17,"2,578.29",,,,,
10/24/17,"2,572.18",,,,,
10/25/17,"2,567.40",,,,,
10/26/17,"2,567.07",,,,,
10/27/17,"2,582.98",,,,,
10/30/17,"2,580.03",,,,,
10/31/17,"2,578.29",,,,,
11/1/17,"2,588.40",,,,,
11/2/17,"2,581.11",,,,,
11/3/17,"2,588.42",,,,,
11/6/17,"2,593.38",,,,,
11/7/17,"2,597.02",,,,,
11/8/17,"2,595.47",,,,,
11/9/17,"2,586.50",,,,,
11/10/17,"2,583.81",,,,,
11/13/17,"2,587.66",,,,,
11/14/17,"2,579.66",,,,,
11/15/17,"2,572.84",,,,,
11/16/17,"2,590.09",,,,,
11/17/17,"2,583.96",,,,,
11/20/17,"2,584.64",,,,,
11/21/17,"2,601.19",,,,,
11/22/17,"2,600.94",,,,,
11/24/17,"2,604.21",,,,,
11/27/17,"2,606.41",,,,,
11/28/17,"2,627.69",,,,,
11/29/17,"2,634.89",,,,,
11/30/17,"2,657.74",,,,,
12/1/17,"2,650.62",,,,,
12/4/17,"2,665.19",,,,,
12/5/17,"2,648.72",,,,,
12/6/17,"2,634.41",,,,,
12/7/17,"2,640.99",,,,,
12/8/17,"2,651.65",,,,,
12/11/17,"2,660.33",,,,,
12/12/17,"2,669.72",,,,,
12/13/17,"2,671.88",,,,,
12/14/17,"2,668.09",,,,,
12/15/17,"2,679.63",,,,,
12/18/17,"2,694.97",,,,,
12/19/17,"2,694.44",,,,,
12/20/17,"2,691.01",,,,,
12/21/17,"2,692.64",,,,,
12/22/17,"2,685.35",,,,,
12/26/17,"2,682.74",,,,,
12/27/17,"2,685.64",,,,,
12/28/17,"2,687.66",,,,,
12/29/17,"2,692.12",,,,,
1/2/18,"2,695.89",,,,,
1/3/18,"2,714.37",,,,,
1/4/18,"2,729.29",,,,,
1/5/18,"2,743.45",,,,,
1/8/18,"2,748.51",,,,,
1/9/18,"2,759.14",,,,,
1/10/18,"2,750.80",,,,,
1/11/18,"2,767.56",,,,,
1/12/18,"2,787.85",,,,,
1/16/18,"2,807.54",,,,,
1/17/18,"2,807.04",,,,,
1/18/18,"2,805.83",,,,,
1/19/18,"2,810.33",,,,,
1/22/18,"2,833.03",,,,,
1/23/18,"2,842.24",,,,,
1/24/18,"2,852.97",,,,,
1/25/18,"2,848.56",,,,,
1/26/18,"2,872.87",,,,,
1/29/18,"2,870.62",,,,,
1/30/18,"2,837.75",,,,,
1/31/18,"2,839.26",,,,,
2/1/18,"2,835.96",,,,,
2/2/18,"2,808.92",,,,,
2/5/18,"2,763.39",,,,,
2/6/18,"2,701.04",,,,,
2/7/18,"2,727.67",,,,,
2/8/18,"2,685.27",,,,,
2/9/18,"2,638.67",,,,,
2/12/18,"2,672.61",,,,,
2/13/18,"2,668.84",,,,,
2/14/18,"2,702.10",,,,,
2/15/18,"2,731.51",,,,,
2/16/18,"2,754.42",,,,,
2/20/18,"2,737.60",,,,,
2/21/18,"2,747.75",,,,,
2/22/18,"2,731.26",,,,,
2/23/18,"2,747.76",,,,,
2/26/18,"2,780.64",,,,,
2/27/18,"2,789.15",,,,,
2/28/18,"2,761.52",,,,,
3/1/18,"2,730.89",,,,,
3/2/18,"2,696.25",,,,,
3/5/18,"2,728.09",,,,,
3/6/18,"2,732.08",,,,,
3/7/18,"2,730.60",,,,,
3/8/18,"2,740.45",,,,,
3/9/18,"2,786.57",,,,,
3/12/18,"2,796.98",,,,,
3/13/18,"2,801.90",,,,,
3/14/18,"2,777.11",,,,,
3/15/18,"2,763.03",,,,,
3/16/18,"2,761.85",,,,,
3/19/18,"2,741.38",,,,,
3/20/18,"2,724.22",,,,,
3/21/18,"2,739.14",,,,,
3/22/18,"2,695.68",,,,,
3/23/18,"2,657.67",,,,,
3/26/18,"2,661.36",,,,,
3/27/18,"2,674.78",,,,,
3/28/18,"2,632.65",,,,,
3/29/18,"2,659.07",,,,,
4/2/18,"2,638.30",,,,,
4/3/18,"2,619.14",,,,,
4/4/18,"2,649.86",,,,,
4/5/18,"2,672.08",,,,,
4/6/18,"2,656.88",,,,,
4/9/18,"2,653.55",,,,,
4/10/18,"2,665.45",,,,,
4/11/18,"2,661.43",,,,,
4/12/18,"2,674.72",,,,,
4/13/18,"2,680.26",,,,,
4/16/18,"2,686.49",,,,,
4/17/18,"2,713.34",,,,,
4/18/18,"2,717.49",,,,,
4/19/18,"2,702.84",,,,,
4/20/18,"2,693.94",,,,,
4/23/18,"2,682.86",,,,,
4/24/18,"2,683.55",,,,,
4/25/18,"2,645.30",,,,,
4/26/18,"2,676.48",,,,,
4/27/18,"2,677.35",,,,,
4/30/18,"2,682.92",,,,,
5/1/18,"2,655.27",,,,,
5/2/18,"2,660.87",,,,,
5/3/18,"2,637.14",,,,,
5/4/18,"2,670.93",,,,,
5/7/18,"2,683.35",,,,,
5/8/18,"2,676.34",,,,,
5/9/18,"2,701.27",,,,,
5/10/18,"2,726.11",,,,,
5/11/18,"2,732.86",,,,,
5/14/18,"2,742.10",,,,,
5/15/18,"2,718.59",,,,,
5/16/18,"2,727.76",,,,,
5/17/18,"2,731.96",,,,,
5/18/18,"2,719.50",,,,,
5/21/18,"2,739.19",,,,,
5/22/18,"2,742.24",,,,,
5/23/18,"2,733.33",,,,,
5/24/18,"2,731.97",,,,,
5/25/18,"2,727.36",,,,,
5/29/18,"2,710.67",,,,,
5/30/18,"2,729.34",,,,,
5/31/18,"2,722.50",,,,,
6/1/18,"2,736.93",,,,,
6/4/18,"2,749.16",,,,,
6/5/18,"2,752.61",,,,,
6/6/18,"2,772.39",,,,,
6/7/18,"2,779.90",,,,,
6/8/18,"2,779.39",,,,,
6/11/18,"2,790.21",,,,,
6/12/18,"2,789.80",,,,,
6/13/18,"2,791.47",,,,,
6/14/18,"2,789.06",,,,,
6/15/18,"2,782.81",,,,,
6/18/18,"2,774.99",,,,,
6/19/18,"2,765.05",,,,,
6/20/18,"2,774.86",,,,,
6/21/18,"2,769.28",,,,,
6/22/18,"2,764.17",,,,,
6/25/18,"2,742.94",,,,,
6/26/18,"2,732.91",,,,,
6/27/18,"2,746.09",,,,,
6/28/18,"2,724.34",,,,,
6/29/18,"2,743.26",,,,,
7/2/18,"2,727.26",,,,,
7/3/18,"2,736.58",,,,,
7/5/18,"2,737.83",,,,,
7/6/18,"2,764.41",,,,,
7/9/18,"2,784.65",,,,,
7/10/18,"2,795.58",,,,,
7/11/18,"2,785.91",,,,,
7/12/18,"2,799.22",,,,,
7/13/18,"2,804.53",,,,,
7/16/18,"2,803.71",,,,,
7/17/18,"2,814.19",,,,,
7/18/18,"2,816.76",,,,,
7/19/18,"2,812.05",,,,,
7/20/18,"2,809.70",,,,,
7/23/18,"2,808.61",,,,,
7/24/18,"2,829.99",,,,,
7/25/18,"2,848.03",,,,,
7/26/18,"2,845.57",,,,,
7/27/18,"2,843.17",,,,,
7/30/18,"2,821.74",,,,,
7/31/18,"2,824.46",,,,,
8/1/18,"2,825.83",,,,,
8/2/18,"2,829.91",,,,,
8/3/18,"2,840.38",,,,,
8/6/18,"2,853.29",,,,,
8/7/18,"2,863.43",,,,,
8/8/18,"2,862.44",,,,,
8/9/18,"2,862.48",,,,,
8/10/18,"2,842.20",,,,,
8/13/18,"2,843.40",,,,,
8/14/18,"2,843.11",,,,,
8/15/18,"2,827.95",,,,,
8/16/18,"2,850.49",,,,,
8/17/18,"2,855.63",,,,,
8/20/18,"2,859.76",,,,,
8/21/18,"2,873.23",,,,,
8/22/18,"2,867.54",,,,,
8/23/18,"2,868.78",,,,,
8/24/18,"2,876.16",,,,,
8/27/18,"2,898.25",,,,,
8/28/18,"2,903.77",,,,,
8/29/18,"2,916.50",,,,,
8/30/18,"2,912.46",,,,,
8/31/18,"2,906.32",,,,,
9/4/18,"2,900.18",,,,,
9/5/18,"2,894.21",,,,,
9/6/18,"2,892.05",,,,,
9/7/18,"2,883.81",,,,,
9/10/18,"2,886.93",,,,,
9/11/18,"2,892.52",,,,,
9/12/18,"2,894.65",,,,,
9/13/18,"2,906.76",,,,,
9/14/18,"2,908.30",,,,,
9/17/18,"2,904.65",,,,,
9/18/18,"2,911.17",,,,,
9/19/18,"2,912.36",,,,,
9/20/18,"2,934.80",,,,,
9/21/18,"2,940.91",,,,,
9/24/18,"2,923.79",,,,,
9/25/18,"2,923.95",,,,,
9/26/18,"2,931.15",,,,,
9/27/18,"2,927.22",,,,,
9/28/18,"2,920.53",,,,,
10/1/18,"2,937.06",,,,,
10/2/18,"2,931.42",,,,,
10/3/18,"2,939.86",,,,,
10/4/18,"2,919.78",,,,,
10/5/18,"2,909.64",,,,,
10/8/18,"2,889.45",,,,,
10/9/18,"2,894.83",,,,,
10/10/18,"2,874.02",,,,,
10/11/18,"2,795.14",,,,,
10/12/18,"2,775.77",,,,,
10/15/18,"2,775.99",,,,,
10/16/18,"2,813.46",,,,,
10/17/18,"2,816.94",,,,,
10/18/18,"2,806.04",,,,,
10/19/18,"2,797.77",,,,,
10/22/18,"2,778.94",,,,,
10/23/18,"2,753.59",,,,,
10/24/18,"2,742.59",,,,,
10/25/18,"2,722.70",,,,,
10/26/18,"2,692.38",,,,,
10/29/18,"2,706.85",,,,,
10/30/18,"2,685.43",,,,,
10/31/18,"2,736.69",,,,,
11/1/18,"2,741.67",,,,,
11/2/18,"2,756.55",,,,,
11/5/18,"2,744.27",,,,,
11/6/18,"2,756.82",,,,,
11/7/18,"2,815.15",,,,,
11/8/18,"2,814.75",,,,,
11/9/18,"2,794.10",,,,,
11/12/18,"2,775.99",,,,,
11/13/18,"2,754.60",,,,,
11/14/18,"2,746.80",,,,,
11/15/18,"2,735.38",,,,,
11/16/18,"2,746.75",,,,,
11/19/18,"2,733.16",,,,,
11/20/18,"2,669.44",,,,,
11/21/18,"2,670.73",,,,,
11/23/18,"2,647.55",,,,,
11/26/18,"2,674.35",,,,,
11/27/18,"2,682.53",,,,,
11/28/18,"2,744.00",,,,,
11/29/18,"2,753.75",,,,,
11/30/18,"2,760.88",,,,,
12/3/18,"2,800.18",,,,,
12/4/18,"2,785.93",,,,,
12/6/18,"2,696.15",,,,,
12/7/18,"2,708.54",,,,,
12/10/18,"2,647.51",,,,,
12/11/18,"2,674.35",,,,,
12/12/18,"2,685.44",,,,,
12/13/18,"2,670.19",,,,,
12/14/18,"2,635.07",,,,,
12/17/18,"2,601.13",,,,,
12/18/18,"2,573.99",,,,,
12/19/18,"2,585.29",,,,,
12/20/18,"2,509.63",,,,,
12/21/18,"2,504.41",,,,,
12/24/18,"2,410.34",,,,,
12/26/18,"2,467.76",,,,,
12/27/18,"2,489.10",,,,,
12/28/18,"2,520.27",,,,,
12/31/18,"2,509.24",,,,,
1/2/19,"2,519.49",,,,,
1/3/19,"2,493.14",,,,,
1/4/19,"2,538.07",,,,,
1/7/19,"2,566.16",,,,,
1/8/19,"2,579.82",,,,,
1/9/19,"2,595.32",,,,,
1/10/19,"2,597.82",,,,,
1/11/19,"2,596.27",,,,,
1/14/19,"2,589.32",,,,,
1/15/19,"2,613.08",,,,,
1/16/19,"2,625.76",,,,,
1/17/19,"2,645.06",,,,,
1/18/19,"2,675.47",,,,,
1/22/19,"2,657.88",,,,,
1/23/19,"2,653.19",,,,,
1/24/19,"2,647.20",,,,,
1/25/19,"2,672.38",,,,,
1/28/19,"2,644.97",,,,,
1/29/19,"2,650.93",,,,,
1/30/19,"2,690.44",,,,,
1/31/19,"2,708.95",,,,,
2/1/19,"2,716.66",,,,,
2/4/19,"2,724.99",,,,,
2/5/19,"2,738.98",,,,,
2/6/19,"2,738.08",,,,,
2/7/19,"2,719.32",,,,,
2/8/19,"2,708.07",,,,,
2/11/19,"2,718.05",,,,,
2/12/19,"2,748.19",,,,,
2/13/19,"2,761.85",,,,,
2/14/19,"2,757.90",,,,,
2/15/19,"2,775.66",,,,,
2/19/19,"2,787.33",,,,,
2/20/19,"2,789.88",,,,,
2/21/19,"2,781.58",,,,,
2/22/19,"2,794.20",,,,,
2/25/19,"2,813.49",,,,,
2/26/19,"2,803.12",,,,,
2/27/19,"2,795.76",,,,,
2/28/19,"2,793.73",,,,,
3/1/19,"2,808.02",,,,,
3/4/19,"2,816.88",,,,,
3/5/19,"2,796.44",,,,,
3/6/19,"2,790.27",,,,,
3/7/19,"2,767.25",,,,,
3/8/19,"2,744.13",,,,,
3/11/19,"2,784.00",,,,,
3/12/19,"2,798.32",,,,,
3/13/19,"2,821.24",,,,,
3/14/19,"2,815.00",,,,,
3/15/19,"2,830.73",,,,,
3/18/19,"2,835.41",,,,,
3/19/19,"2,852.42",,,,,
3/20/19,"2,843.54",,,,,
3/21/19,"2,860.31",,,,,
3/22/19,"2,846.16",,,,,
3/25/19,"2,809.79",,,,,
3/26/19,"2,829.87",,,,,
3/27/19,"2,825.56",,,,,
3/28/19,"2,819.71",,,,,
3/29/19,"2,836.03",,,,,
4/1/19,"2,869.40",,,,,
4/2/19,"2,872.90",,,,,
4/3/19,"2,885.25",,,,,
4/4/19,"2,881.28",,,,,
4/5/19,"2,893.24",,,,,
4/8/19,"2,895.95",,,,,
4/9/19,"2,886.88",,,,,
4/10/19,"2,889.71",,,,,
4/11/19,"2,893.42",,,,,
4/12/19,"2,910.54",,,,,
4/15/19,"2,909.60",,,,,
4/16/19,"2,916.06",,,,,
4/17/19,"2,918.00",,,,,
4/18/19,"2,908.40",,,,,
4/22/19,"2,909.51",,,,,
4/23/19,"2,936.31",,,,,
4/24/19,"2,936.83",,,,,
4/25/19,"2,933.10",,,,,
4/26/19,"2,939.88",,,,,
4/29/19,"2,949.52",,,,,
4/30/19,"2,948.22",,,,,
5/1/19,"2,954.13",,,,,
5/2/19,"2,931.68",,,,,
5/3/19,"2,947.85",,,,,
5/6/19,"2,937.32",,,,,
5/7/19,"2,913.03",,,,,
5/8/19,"2,897.96",,,,,
5/9/19,"2,875.97",,,,,
5/10/19,"2,891.31",,,,,
5/13/19,"2,840.19",,,,,
5/14/19,"2,852.54",,,,,
5/15/19,"2,858.68",,,,,
5/16/19,"2,892.15",,,,,
5/17/19,"2,885.48",,,,,
5/20/19,"2,853.86",,,,,
5/21/19,"2,868.88",,,,,
5/22/19,"2,865.47",,,,,
5/23/19,"2,836.70",,,,,
5/24/19,"2,841.36",,,,,
5/28/19,"2,840.51",,,,,
5/29/19,"2,792.03",,,,,
5/30/19,"2,799.00",,,,,
5/31/19,"2,768.98",,,,,
6/3/19,"2,763.07",,,,,
6/4/19,"2,804.49",,,,,
6/5/19,"2,827.28",,,,,
6/6/19,"2,852.10",,,,,
6/7/19,"2,884.97",,,,,
6/10/19,"2,904.77",,,,,
6/11/19,"2,910.61",,,,,
6/12/19,"2,888.57",,,,,
6/13/19,"2,895.24",,,,,
6/14/19,"2,894.45",,,,,
6/17/19,"2,897.27",,,,,
6/18/19,"2,930.79",,,,,
6/19/19,"2,931.74",,,,,
6/20/19,"2,958.06",,,,,
6/21/19,"2,964.15",,,,,
6/24/19,"2,954.92",,,,,
6/25/19,"2,946.52",,,,,
6/26/19,"2,932.59",,,,,
6/27/19,"2,929.30",,,,,
6/28/19,"2,943.98",,,,,
7/1/19,"2,977.93",,,,,